date,EDAC
2004-03-02,125.0
2004-03-03,125.0
2004-03-04,125.0
2004-03-05,126.0
2004-03-06,128.0
2004-03-07,129.0
2004-03-08,129.0
2004-03-09,130.0
2004-03-10,130.0
2004-03-11,130.0
2004-03-12,131.0
2004-03-13,131.0
2004-03-14,132.0
2004-03-15,5751.0
2004-03-16,5751.0
2004-03-17,5751.0
2004-03-18,5752.0
2004-03-19,5753.0
2004-03-20,5754.0
2004-03-21,5759.0
2004-03-22,5760.0
2004-03-23,5760.0
2004-03-24,5762.0
2004-03-25,5762.0
2004-03-26,5765.0
2004-03-27,5766.0
2004-03-28,5767.0
2004-03-29,5768.0
2004-03-30,5770.0
2004-03-31,5770.0
2004-04-01,5771.0
2004-04-02,5771.0
2004-04-03,5774.0
2004-04-04,5776.0
2004-04-05,5776.0
2004-04-06,5776.0
2004-04-07,5776.0
2004-04-08,5777.0
2004-04-09,5778.0
2004-04-10,5781.0
2004-04-11,5781.0
2004-04-12,5783.0
2004-04-13,5784.0
2004-04-14,5784.0
2004-04-15,5784.0
2004-04-16,5784.0
2004-04-17,5784.0
2004-04-18,5788.0
2004-04-19,5790.0
2004-04-20,5790.0
2004-04-21,5790.0
2004-04-22,5791.0
2004-04-23,5794.0
2004-04-24,5797.0
2004-04-25,5798.0
2004-04-26,5799.0
2004-04-27,5872.0
2004-04-28,5872.0
2004-04-29,5872.0
2004-04-30,5874.0
2004-05-01,5877.0
2004-05-02,5878.0
2004-05-03,5879.0
2004-05-04,5880.0
2004-05-05,5881.0
2004-05-06,5882.0
2004-05-07,5882.0
2004-05-08,5882.0
2004-05-09,5882.0
2004-05-10,5882.0
2004-05-11,5883.0
2004-05-12,5885.0
2004-05-13,5885.0
2004-05-14,5886.0
2004-05-15,5886.0
2004-05-16,5888.0
2004-05-17,5888.0
2004-05-18,5889.0
2004-05-19,5892.0
2004-05-20,5893.0
2004-05-21,5893.0
2004-05-22,5896.0
2004-05-23,5897.0
2004-05-24,5898.0
2004-05-25,5900.0
2004-05-26,5901.0
2004-05-27,5903.0
2004-05-28,5903.0
2004-05-29,5903.0
2004-05-30,5903.0
2004-05-31,5906.0
2004-06-01,5909.0
2004-06-02,5910.0
2004-06-03,5912.0
2004-06-04,5912.0
2004-06-05,5913.0
2004-06-06,5913.0
2004-06-07,6088.0
2004-06-08,6090.0
2004-06-09,6093.0
2004-06-10,6095.0
2004-06-11,6095.0
2004-06-12,
2004-06-13,6098.0
2004-06-14,6098.0
2004-06-15,6100.0
2004-06-16,6103.0
2004-06-17,6104.0
2004-06-18,6105.0
2004-06-19,
2004-06-20,6105.0
2004-06-21,6105.0
2004-06-22,6105.0
2004-06-23,
2004-06-24,6110.0
2004-06-25,6110.0
2004-06-26,
2004-06-27,6111.0
2004-06-28,
2004-06-29,6112.0
2004-07-01,6114.0
2004-07-02,
2004-07-03,
2004-07-04,6116.0
2004-07-05,6117.0
2004-07-06,
2004-07-07,
2004-07-08,6121.0
2004-07-09,
2004-07-10,
2004-07-11,6126.0
2004-07-12,
2004-07-13,
2004-07-14,
2004-07-15,6126.0
2004-07-16,6128.0
2004-07-17,
2004-07-18,6130.0
2004-07-19,6130.0
2004-07-20,6132.0
2004-07-21,6133.0
2004-07-22,6138.0
2004-07-23,2.0
2004-07-24,2.0
2004-07-25,3.0
2004-07-26,3.0
2004-07-27,3.0
2004-07-28,
2004-07-29,6.0
2004-07-30,
2004-07-31,
2004-08-01,7.0
2004-08-02,8.0
2004-08-03,8.0
2004-08-04,9.0
2004-08-05,9.0
2004-08-06,9.0
2004-08-07,
2004-08-08,
2004-08-09,
2004-08-10,
2004-08-11,
2004-08-12,17.0
2004-08-13,17.0
2004-08-14,
2004-08-15,
2004-08-16,
2004-08-17,
2004-08-18,
2004-08-19,21.0
2004-08-20,21.0
2004-08-21,
2004-08-22,
2004-08-23,
2004-08-24,
2004-08-25,
2004-08-26,26.0
2004-08-27,26.0
2004-08-28,
2004-08-29,27.0
2004-08-30,27.0
2004-08-31,28.0
2004-09-01,28.0
2004-09-02,29.0
2004-09-03,30.0
2004-09-04,32.0
2004-09-05,32.0
2004-09-06,33.0
2004-09-07,34.0
2004-09-08,36.0
2004-09-09,37.0
2004-09-10,38.0
2004-09-11,39.0
2004-09-12,40.0
2004-09-13,43.0
2004-09-14,43.0
2004-09-15,45.0
2004-09-16,46.0
2004-09-17,48.0
2004-09-18,48.0
2004-09-19,49.0
2004-09-20,50.0
2004-09-21,51.0
2004-09-22,52.0
2004-09-23,54.0
2004-09-24,54.0
2004-09-25,55.0
2004-09-26,57.0
2004-09-27,59.0
2004-09-28,61.0
2004-09-29,63.0
2004-09-30,64.0
2004-10-01,65.0
2004-10-02,66.0
2004-10-03,68.0
2004-10-04,68.0
2004-10-05,68.0
2004-10-06,70.0
2004-10-07,70.0
2004-10-08,70.0
2004-10-09,71.0
2004-10-10,71.0
2004-10-11,72.0
2004-10-12,72.0
2004-10-13,74.0
2004-10-14,77.0
2004-10-15,78.0
2004-10-16,78.0
2004-10-17,79.0
2004-10-18,80.0
2004-10-19,
2004-10-20,
2004-10-21,82.0
2004-10-22,
2004-10-23,
2004-10-24,
2004-10-25,
2004-10-26,
2004-10-27,
2004-10-28,90.0
2004-10-29,90.0
2004-10-30,
2004-10-31,
2004-11-01,
2004-11-02,
2004-11-03,
2004-11-04,97.0
2004-11-05,97.0
2004-11-06,
2004-11-07,
2004-11-08,
2004-11-09,
2004-11-10,
2004-11-11,103.0
2004-11-12,103.0
2004-11-13,
2004-11-14,
2004-11-15,
2004-11-16,
2004-11-17,
2004-11-18,106.0
2004-11-19,106.0
2004-11-20,
2004-11-21,
2004-11-22,110.0
2004-11-23,115.0
2004-11-24,118.0
2004-11-25,120.0
2004-11-26,121.0
2004-11-27,
2004-11-28,
2004-11-29,
2004-11-30,
2004-12-01,
2004-12-02,129.0
2004-12-03,129.0
2004-12-04,129.0
2004-12-05,
2004-12-06,131.0
2004-12-07,131.0
2004-12-08,135.0
2004-12-09,137.0
2004-12-10,138.0
2004-12-11,
2004-12-12,
2004-12-13,
2004-12-14,
2004-12-15,
2004-12-16,146.0
2004-12-17,146.0
2004-12-18,
2004-12-19,
2004-12-20,
2004-12-21,
2004-12-22,
2004-12-23,156.0
2004-12-24,156.0
2005-01-03,165.0
2005-01-04,
2005-01-05,
2005-01-06,166.0
2005-01-07,
2005-01-08,
2005-01-09,
2005-01-10,
2005-01-11,
2005-01-12,
2005-01-13,173.0
2005-01-14,
2005-01-15,
2005-01-16,
2005-01-17,179.0
2005-01-18,
2005-01-19,
2005-01-20,251.0
2005-01-21,252.0
2005-01-22,
2005-01-23,
2005-01-24,261.0
2005-01-25,
2005-01-26,262.0
2005-01-27,263.0
2005-01-28,
2005-01-29,
2005-01-30,
2005-01-31,
2005-02-01,264.0
2005-02-02,265.0
2005-02-03,268.0
2005-02-04,
2005-02-05,
2005-02-06,
2005-02-07,273.0
2005-02-08,274.0
2005-02-09,277.0
2005-02-10,278.0
2005-02-11,
2005-02-12,
2005-02-13,
2005-02-14,279.0
2005-02-15,280.0
2005-02-16,280.0
2005-02-17,281.0
2005-02-18,281.0
2005-02-19,
2005-02-20,
2005-02-21,
2005-02-22,284.0
2005-02-23,285.0
2005-02-24,286.0
2005-02-25,286.0
2005-02-26,286.0
2005-02-27,286.0
2005-02-28,287.0
2005-03-01,288.0
2005-03-02,291.0
2005-03-03,291.0
2005-03-04,296.0
2005-03-05,296.0
2005-03-06,297.0
2005-03-07,298.0
2005-03-08,302.0
2005-03-09,302.0
2005-03-10,304.0
2005-03-11,305.0
2005-03-12,
2005-03-13,
2005-03-14,305.0
2005-03-15,305.0
2005-03-16,306.0
2005-03-17,306.0
2005-03-18,
2005-03-19,
2005-03-20,
2005-03-21,308.0
2005-03-22,309.0
2005-03-23,311.0
2005-03-24,313.0
2005-03-25,
2005-03-26,318.0
2005-03-27,
2005-03-28,
2005-03-29,320.0
2005-03-30,320.0
2005-03-31,321.0
2005-04-01,322.0
2005-04-02,
2005-04-03,
2005-04-04,
2005-04-05,325.0
2005-04-06,327.0
2005-04-07,328.0
2005-04-08,
2005-04-09,
2005-04-10,331.0
2005-04-11,332.0
2005-04-12,333.0
2005-04-13,334.0
2005-04-14,335.0
2005-04-15,337.0
2005-04-16,338.0
2005-04-17,
2005-04-18,
2005-04-19,338.0
2005-04-20,338.0
2005-04-21,338.0
2005-04-22,
2005-04-23,
2005-04-24,344.0
2005-04-25,344.0
2005-04-26,346.0
2005-04-27,349.0
2005-04-28,350.0
2005-04-29,353.0
2005-04-30,355.0
2005-05-01,356.0
2005-05-02,357.0
2005-05-03,357.0
2005-05-04,357.0
2005-05-05,359.0
2005-05-06,359.0
2005-05-07,362.0
2005-05-08,365.0
2005-05-09,366.0
2005-05-10,366.0
2005-05-11,366.0
2005-05-12,366.0
2005-05-13,368.0
2005-05-14,370.0
2005-05-15,370.0
2005-05-16,370.0
2005-05-17,371.0
2005-05-18,371.0
2005-05-19,372.0
2005-05-20,372.0
2005-05-21,373.0
2005-05-22,373.0
2005-05-23,373.0
2005-05-24,374.0
2005-05-25,375.0
2005-05-26,375.0
2005-05-27,375.0
2005-05-28,376.0
2005-05-29,377.0
2005-05-30,377.0
2005-05-31,379.0
2005-06-01,379.0
2005-06-02,380.0
2005-06-03,381.0
2005-06-04,382.0
2005-06-05,386.0
2005-06-06,388.0
2005-06-07,389.0
2005-06-08,390.0
2005-06-09,393.0
2005-06-10,393.0
2005-06-11,394.0
2005-06-12,394.0
2005-06-13,397.0
2005-06-14,397.0
2005-06-15,399.0
2005-06-16,399.0
2005-06-17,402.0
2005-06-18,403.0
2005-06-19,404.0
2005-06-20,407.0
2005-06-21,408.0
2005-06-22,408.0
2005-06-23,409.0
2005-06-24,409.0
2005-06-25,409.0
2005-06-26,410.0
2005-06-27,412.0
2005-06-28,412.0
2005-06-29,413.0
2005-06-30,415.0
2005-07-01,415.0
2005-07-02,415.0
2005-07-03,415.0
2005-07-04,417.0
2005-07-05,418.0
2005-07-06,420.0
2005-07-07,421.0
2005-07-08,422.0
2005-07-09,425.0
2005-07-10,426.0
2005-07-11,426.0
2005-07-12,426.0
2005-07-13,426.0
2005-07-14,426.0
2005-07-15,428.0
2005-07-16,429.0
2005-07-17,430.0
2005-07-18,430.0
2005-07-19,430.0
2005-07-20,431.0
2005-07-21,431.0
2005-07-22,431.0
2005-07-23,434.0
2005-07-24,435.0
2005-07-25,435.0
2005-07-26,435.0
2005-07-27,435.0
2005-07-28,438.0
2005-07-29,439.0
2005-07-30,440.0
2005-07-31,440.0
2005-08-01,440.0
2005-08-02,440.0
2005-08-03,440.0
2005-08-04,441.0
2005-08-05,447.0
2005-08-06,447.0
2005-08-07,448.0
2005-08-08,449.0
2005-08-09,449.0
2005-08-10,450.0
2005-08-11,450.0
2005-08-12,450.0
2005-08-13,451.0
2005-08-14,453.0
2005-08-15,453.0
2005-08-16,454.0
2005-08-17,454.0
2005-08-18,454.0
2005-08-19,456.0
2005-08-20,456.0
2005-08-21,456.0
2005-08-22,457.0
2005-08-23,459.0
2005-08-24,459.0
2005-08-25,461.0
2005-08-26,461.0
2005-08-27,461.0
2005-08-28,461.0
2005-08-29,462.0
2005-08-30,462.0
2005-08-31,462.0
2005-09-01,463.0
2005-09-02,463.0
2005-09-03,464.0
2005-09-04,465.0
2005-09-05,466.0
2005-09-06,468.0
2005-09-07,468.0
2005-09-08,556.0
2005-09-09,733.0
2005-09-10,747.0
2005-09-11,751.0
2005-09-12,751.0
2005-09-13,751.0
2005-09-14,753.0
2005-09-15,753.0
2005-09-16,754.0
2005-09-17,755.0
2005-09-18,756.0
2005-09-19,756.0
2005-09-20,756.0
2005-09-21,758.0
2005-09-22,760.0
2005-09-23,761.0
2005-09-24,763.0
2005-09-25,763.0
2005-09-26,763.0
2005-09-27,763.0
2005-09-28,763.0
2005-09-29,763.0
2005-09-30,765.0
2005-10-01,765.0
2005-10-02,765.0
2005-10-03,767.0
2005-10-04,767.0
2005-10-05,768.0
2005-10-06,768.0
2005-10-07,768.0
2005-10-08,768.0
2005-10-09,768.0
2005-10-10,768.0
2005-10-11,768.0
2005-10-12,768.0
2005-10-13,769.0
2005-10-14,772.0
2005-10-15,773.0
2005-10-16,774.0
2005-10-17,775.0
2005-10-18,776.0
2005-10-19,777.0
2005-10-20,777.0
2005-10-21,778.0
2005-10-22,779.0
2005-10-23,779.0
2005-10-24,781.0
2005-10-25,781.0
2005-10-26,782.0
2005-10-27,783.0
2005-10-28,784.0
2005-10-29,784.0
2005-10-30,784.0
2005-10-31,785.0
2005-11-01,786.0
2005-11-02,789.0
2005-11-03,791.0
2005-11-04,791.0
2005-11-05,792.0
2005-11-06,792.0
2005-11-07,793.0
2005-11-08,793.0
2005-11-09,794.0
2005-11-10,797.0
2005-11-11,799.0
2005-11-12,801.0
2005-11-13,801.0
2005-11-14,801.0
2005-11-15,803.0
2005-11-16,805.0
2005-11-17,810.0
2005-11-18,812.0
2005-11-19,812.0
2005-11-20,814.0
2005-11-21,815.0
2005-11-22,816.0
2005-11-23,819.0
2005-11-24,820.0
2005-11-25,821.0
2005-11-26,824.0
2005-11-27,825.0
2005-11-28,827.0
2005-11-29,827.0
2005-11-30,827.0
2005-12-01,828.0
2005-12-02,829.0
2005-12-03,832.0
2005-12-04,832.0
2005-12-05,836.0
2005-12-06,838.0
2005-12-07,840.0
2005-12-08,843.0
2005-12-09,843.0
2005-12-10,845.0
2005-12-11,846.0
2005-12-12,847.0
2005-12-13,848.0
2005-12-14,849.0
2005-12-15,849.0
2005-12-16,850.0
2005-12-17,852.0
2005-12-18,852.0
2005-12-19,853.0
2005-12-20,854.0
2005-12-21,855.0
2005-12-22,856.0
2005-12-23,858.0
2005-12-24,859.0
2005-12-25,859.0
2005-12-26,860.0
2005-12-27,860.0
2005-12-28,861.0
2005-12-29,864.0
2005-12-30,864.0
2005-12-31,866.0
2006-01-01,867.0
2006-01-02,868.0
2006-01-03,868.0
2006-01-04,868.0
2006-01-05,869.0
2006-01-06,872.0
2006-01-07,874.0
2006-01-08,874.0
2006-01-09,874.0
2006-01-10,877.0
2006-01-11,878.0
2006-01-12,882.0
2006-01-13,882.0
2006-01-14,883.0
2006-01-15,885.0
2006-01-16,886.0
2006-01-17,886.0
2006-01-18,887.0
2006-01-19,887.0
2006-01-20,888.0
2006-01-21,888.0
2006-01-22,889.0
2006-01-23,892.0
2006-01-24,893.0
2006-01-25,894.0
2006-01-26,896.0
2006-01-27,896.0
2006-01-28,896.0
2006-01-29,896.0
2006-01-30,896.0
2006-01-31,899.0
2006-02-01,900.0
2006-02-02,901.0
2006-02-03,903.0
2006-02-04,904.0
2006-02-05,905.0
2006-02-06,908.0
2006-02-07,908.0
2006-02-08,909.0
2006-02-09,911.0
2006-02-10,912.0
2006-02-11,913.0
2006-02-12,913.0
2006-02-13,915.0
2006-02-14,916.0
2006-02-15,916.0
2006-02-16,918.0
2006-02-17,918.0
2006-02-18,920.0
2006-02-19,920.0
2006-02-20,922.0
2006-02-21,924.0
2006-02-22,924.0
2006-02-23,925.0
2006-02-24,925.0
2006-02-25,928.0
2006-02-26,928.0
2006-02-27,930.0
2006-02-28,931.0
2006-03-01,931.0
2006-03-02,931.0
2006-03-03,931.0
2006-03-04,932.0
2006-03-05,936.0
2006-03-06,936.0
2006-03-07,936.0
2006-03-08,937.0
2006-03-09,939.0
2006-03-10,940.0
2006-03-11,943.0
2006-03-12,943.0
2006-03-13,946.0
2006-03-14,946.0
2006-03-15,947.0
2006-03-16,948.0
2006-03-17,951.0
2006-03-18,952.0
2006-03-19,955.0
2006-03-20,957.0
2006-03-21,960.0
2006-03-22,960.0
2006-03-23,961.0
2006-03-24,963.0
2006-03-25,964.0
2006-03-26,966.0
2006-03-27,967.0
2006-03-28,967.0
2006-03-29,968.0
2006-03-30,968.0
2006-03-31,969.0
2006-04-01,970.0
2006-04-02,970.0
2006-04-03,970.0
2006-04-04,972.0
2006-04-05,972.0
2006-04-06,972.0
2006-04-07,973.0
2006-04-08,973.0
2006-04-09,975.0
2006-04-10,976.0
2006-04-11,977.0
2006-04-12,980.0
2006-04-13,983.0
2006-04-14,984.0
2006-04-15,986.0
2006-04-16,988.0
2006-04-17,990.0
2006-04-18,992.0
2006-04-19,993.0
2006-04-20,993.0
2006-04-21,996.0
2006-04-22,997.0
2006-04-23,1000.0
2006-04-24,1002.0
2006-04-25,1003.0
2006-04-26,1003.0
2006-04-27,1005.0
2006-04-28,1006.0
2006-04-29,1007.0
2006-04-30,1008.0
2006-05-01,1012.0
2006-05-02,1013.0
2006-05-03,1016.0
2006-05-04,1017.0
2006-05-05,1018.0
2006-05-06,1019.0
2006-05-07,1021.0
2006-05-08,1022.0
2006-05-09,1024.0
2006-05-10,1025.0
2006-05-11,1026.0
2006-05-12,1026.0
2006-05-13,1026.0
2006-05-14,1028.0
2006-05-15,1028.0
2006-05-16,1032.0
2006-05-17,1034.0
2006-05-18,1036.0
2006-05-19,1036.0
2006-05-20,1037.0
2006-05-21,1038.0
2006-05-22,1040.0
2006-05-23,1041.0
2006-05-24,1044.0
2006-05-25,1045.0
2006-05-26,1047.0
2006-05-27,1049.0
2006-05-28,1049.0
2006-05-29,1049.0
2006-05-30,1050.0
2006-05-31,1052.0
2006-06-01,1052.0
2006-06-02,1053.0
2006-06-03,1055.0
2006-06-04,1055.0
2006-06-05,1056.0
2006-06-06,1058.0
2006-06-07,1059.0
2006-06-08,1059.0
2006-06-09,1061.0
2006-06-10,1062.0
2006-06-11,1063.0
2006-06-12,1066.0
2006-06-13,1069.0
2006-06-14,1069.0
2006-06-15,1072.0
2006-06-16,1072.0
2006-06-17,1072.0
2006-06-18,1072.0
2006-06-19,1073.0
2006-06-20,1074.0
2006-06-21,1074.0
2006-06-22,1075.0
2006-06-23,1076.0
2006-06-24,1077.0
2006-06-25,1078.0
2006-06-26,1083.0
2006-06-27,1084.0
2006-06-28,1085.0
2006-06-29,1086.0
2006-06-30,1088.0
2006-07-01,1089.0
2006-07-02,1089.0
2006-07-03,1089.0
2006-07-04,1090.0
2006-07-05,1092.0
2006-07-06,1093.0
2006-07-07,1095.0
2006-07-08,1098.0
2006-07-09,1099.0
2006-07-10,1100.0
2006-07-11,1102.0
2006-07-12,1103.0
2006-07-13,1104.0
2006-07-14,1104.0
2006-07-15,1104.0
2006-07-16,1105.0
2006-07-17,1107.0
2006-07-18,1107.0
2006-07-19,1108.0
2006-07-20,1109.0
2006-07-21,1109.0
2006-07-22,1110.0
2006-07-23,1110.0
2006-07-24,1111.0
2006-07-25,1112.0
2006-07-26,1112.0
2006-07-27,1112.0
2006-07-28,1114.0
2006-07-29,1116.0
2006-07-30,1118.0
2006-07-31,1123.0
2006-08-01,1124.0
2006-08-02,1125.0
2006-08-03,1126.0
2006-08-04,1127.0
2006-08-05,1128.0
2006-08-06,1132.0
2006-08-07,1132.0
2006-08-08,1135.0
2006-08-09,1137.0
2006-08-10,1139.0
2006-08-11,1142.0
2006-08-12,1145.0
2006-08-13,1145.0
2006-08-14,1146.0
2006-08-15,1146.0
2006-08-16,1147.0
2006-08-17,1151.0
2006-08-18,1153.0
2006-08-19,1154.0
2006-08-20,1156.0
2006-08-21,1157.0
2006-08-22,1157.0
2006-08-23,1160.0
2006-08-24,1162.0
2006-08-25,1164.0
2006-08-26,1165.0
2006-08-27,1166.0
2006-08-28,1169.0
2006-08-29,1169.0
2006-08-30,1170.0
2006-08-31,1170.0
2006-09-01,1173.0
2006-09-02,1176.0
2006-09-03,1178.0
2006-09-04,1181.0
2006-09-05,1181.0
2006-09-06,1182.0
2006-09-07,1182.0
2006-09-08,1182.0
2006-09-09,1183.0
2006-09-10,1183.0
2006-09-11,1185.0
2006-09-12,1187.0
2006-09-13,1188.0
2006-09-14,1189.0
2006-09-15,1190.0
2006-09-16,1190.0
2006-09-17,1192.0
2006-09-18,1194.0
2006-09-19,1194.0
2006-09-20,1194.0
2006-09-21,1195.0
2006-09-22,1196.0
2006-09-23,1198.0
2006-09-24,1198.0
2006-09-25,1200.0
2006-09-26,1203.0
2006-09-27,1204.0
2006-09-28,1205.0
2006-09-29,1206.0
2006-09-30,1207.0
2006-10-01,1208.0
2006-10-02,1209.0
2006-10-03,1210.0
2006-10-04,1211.0
2006-10-05,1211.0
2006-10-06,1211.0
2006-10-07,1212.0
2006-10-08,1215.0
2006-10-09,1217.0
2006-10-10,1217.0
2006-10-11,1222.0
2006-10-12,1222.0
2006-10-13,1223.0
2006-10-14,1224.0
2006-10-15,1227.0
2006-10-16,1230.0
2006-10-17,1231.0
2006-10-18,1234.0
2006-10-19,1234.0
2006-10-20,1235.0
2006-10-21,1237.0
2006-10-22,1237.0
2006-10-23,1237.0
2006-10-24,1240.0
2006-10-25,1240.0
2006-10-26,1242.0
2006-10-27,1243.0
2006-10-28,1247.0
2006-10-29,1249.0
2006-10-30,1253.0
2006-10-31,1254.0
2006-11-01,1256.0
2006-11-02,1260.0
2006-11-03,1260.0
2006-11-04,1262.0
2006-11-05,1263.0
2006-11-06,1264.0
2006-11-07,1265.0
2006-11-08,1265.0
2006-11-09,1266.0
2006-11-10,1269.0
2006-11-11,1269.0
2006-11-12,1272.0
2006-11-13,1272.0
2006-11-14,1274.0
2006-11-15,1274.0
2006-11-16,1274.0
2006-11-17,1275.0
2006-11-18,1277.0
2006-11-19,1277.0
2006-11-20,1280.0
2006-11-21,1284.0
2006-11-22,1285.0
2006-11-23,1287.0
2006-11-24,1288.0
2006-11-25,1288.0
2006-11-26,1288.0
2006-11-27,1290.0
2006-11-28,1292.0
2006-11-29,1293.0
2006-11-30,1293.0
2006-12-01,1294.0
2006-12-02,1294.0
2006-12-03,1295.0
2006-12-04,1298.0
2006-12-05,1302.0
2006-12-06,1306.0
2006-12-07,1308.0
2006-12-08,1308.0
2006-12-09,1310.0
2006-12-10,1311.0
2006-12-11,1312.0
2006-12-12,1313.0
2006-12-13,1317.0
2006-12-14,1317.0
2006-12-15,1318.0
2006-12-16,1318.0
2006-12-17,1318.0
2006-12-18,1318.0
2006-12-19,1318.0
2006-12-20,1318.0
2006-12-21,1320.0
2006-12-22,1321.0
2006-12-23,1324.0
2006-12-24,1327.0
2006-12-25,1328.0
2006-12-26,1328.0
2006-12-27,1330.0
2006-12-28,1332.0
2006-12-29,1332.0
2006-12-30,1334.0
2006-12-31,1336.0
2007-01-01,1337.0
2007-01-02,1337.0
2007-01-03,1339.0
2007-01-04,1341.0
2007-01-05,1341.0
2007-01-06,1341.0
2007-01-07,1342.0
2007-01-08,1343.0
2007-01-09,1343.0
2007-01-10,1343.0
2007-01-11,1346.0
2007-01-12,1348.0
2007-01-13,1348.0
2007-01-14,1349.0
2007-01-15,1351.0
2007-01-16,1353.0
2007-01-17,1353.0
2007-01-18,1354.0
2007-01-19,1357.0
2007-01-20,1357.0
2007-01-21,1359.0
2007-01-22,1361.0
2007-01-23,1363.0
2007-01-24,1364.0
2007-01-25,1369.0
2007-01-26,1370.0
2007-01-27,1371.0
2007-01-28,1374.0
2007-01-29,1375.0
2007-01-30,1377.0
2007-01-31,1377.0
2007-02-01,1378.0
2007-02-02,1381.0
2007-02-03,1386.0
2007-02-04,1388.0
2007-02-05,1391.0
2007-02-06,1394.0
2007-02-07,1395.0
2007-02-08,1395.0
2007-02-09,1396.0
2007-02-10,1396.0
2007-02-11,1396.0
2007-02-12,1396.0
2007-02-13,1399.0
2007-02-14,1400.0
2007-02-15,1403.0
2007-02-16,1404.0
2007-02-17,1406.0
2007-02-18,1407.0
2007-02-19,1408.0
2007-02-20,1409.0
2007-02-21,1411.0
2007-02-22,1414.0
2007-02-23,1414.0
2007-02-24,1414.0
2007-02-25,1414.0
2007-02-26,1416.0
2007-02-27,1417.0
2007-02-28,1419.0
2007-03-01,1419.0
2007-03-02,1419.0
2007-03-03,1421.0
2007-03-04,1423.0
2007-03-05,1424.0
2007-03-06,1424.0
2007-03-07,1424.0
2007-03-08,1426.0
2007-03-09,1431.0
2007-03-10,1432.0
2007-03-11,1432.0
2007-03-12,1435.0
2007-03-13,1437.0
2007-03-14,1439.0
2007-03-15,1441.0
2007-03-16,1441.0
2007-03-17,1441.0
2007-03-18,1442.0
2007-03-19,1443.0
2007-03-20,1443.0
2007-03-21,1444.0
2007-03-22,1445.0
2007-03-23,1448.0
2007-03-24,1449.0
2007-03-25,1451.0
2007-03-26,1454.0
2007-03-27,1455.0
2007-03-28,1456.0
2007-03-29,1458.0
2007-03-30,1458.0
2007-03-31,1459.0
2007-04-01,1461.0
2007-04-02,1462.0
2007-04-03,1465.0
2007-04-04,1469.0
2007-04-05,1473.0
2007-04-06,1476.0
2007-04-07,1478.0
2007-04-08,1479.0
2007-04-09,1480.0
2007-04-10,1483.0
2007-04-11,1486.0
2007-04-12,1486.0
2007-04-13,1489.0
2007-04-14,1490.0
2007-04-15,1490.0
2007-04-16,1493.0
2007-04-17,1498.0
2007-04-18,1499.0
2007-04-19,1499.0
2007-04-20,1499.0
2007-04-21,1501.0
2007-04-22,1502.0
2007-04-23,1502.0
2007-04-24,1505.0
2007-04-25,1507.0
2007-04-26,1507.0
2007-04-27,1509.0
2007-04-28,1512.0
2007-04-29,1514.0
2007-04-30,1515.0
2007-05-01,1518.0
2007-05-02,1520.0
2007-05-03,1522.0
2007-05-04,1522.0
2007-05-05,1523.0
2007-05-06,1525.0
2007-05-07,1527.0
2007-05-08,1528.0
2007-05-09,1528.0
2007-05-10,1530.0
2007-05-11,1533.0
2007-05-12,1533.0
2007-05-13,1535.0
2007-05-14,1536.0
2007-05-15,1537.0
2007-05-16,1541.0
2007-05-17,1543.0
2007-05-18,1544.0
2007-05-19,1547.0
2007-05-20,1548.0
2007-05-21,1549.0
2007-05-22,1551.0
2007-05-23,1555.0
2007-05-24,1556.0
2007-05-25,1562.0
2007-05-26,1564.0
2007-05-27,1565.0
2007-05-28,1567.0
2007-05-29,1569.0
2007-05-30,1572.0
2007-05-31,1573.0
2007-06-01,1574.0
2007-06-02,1575.0
2007-06-03,1575.0
2007-06-04,1578.0
2007-06-05,1579.0
2007-06-06,1581.0
2007-06-07,1584.0
2007-06-08,1587.0
2007-06-09,1588.0
2007-06-10,1588.0
2007-06-11,1590.0
2007-06-12,1590.0
2007-06-13,1590.0
2007-06-14,1591.0
2007-06-15,1594.0
2007-06-16,1594.0
2007-06-17,1595.0
2007-06-18,1598.0
2007-06-19,1598.0
2007-06-20,1599.0
2007-06-21,1600.0
2007-06-22,1600.0
2007-06-23,1600.0
2007-06-24,1601.0
2007-06-25,1601.0
2007-06-26,1603.0
2007-06-27,1604.0
2007-06-28,1604.0
2007-06-29,1606.0
2007-06-30,1609.0
2007-07-01,1609.0
2007-07-02,1611.0
2007-07-03,1611.0
2007-07-04,1613.0
2007-07-05,1614.0
2007-07-06,1614.0
2007-07-07,1614.0
2007-07-08,1615.0
2007-07-09,1617.0
2007-07-10,1619.0
2007-07-11,1621.0
2007-07-12,1623.0
2007-07-13,1626.0
2007-07-14,1626.0
2007-07-15,1627.0
2007-07-16,1627.0
2007-07-17,1628.0
2007-07-18,1629.0
2007-07-19,1631.0
2007-07-20,1633.0
2007-07-21,1635.0
2007-07-22,1636.0
2007-07-23,1636.0
2007-07-24,1641.0
2007-07-25,1641.0
2007-07-26,1643.0
2007-07-27,1644.0
2007-07-28,1645.0
2007-07-29,1645.0
2007-07-30,1645.0
2007-07-31,1648.0
2007-08-01,1650.0
2007-08-02,1651.0
2007-08-03,1657.0
2007-08-04,1660.0
2007-08-05,1660.0
2007-08-06,1661.0
2007-08-07,1662.0
2007-08-08,1662.0
2007-08-09,1665.0
2007-08-10,1667.0
2007-08-11,1668.0
2007-08-12,1671.0
2007-08-13,1672.0
2007-08-14,1672.0
2007-08-15,1672.0
2007-08-16,1674.0
2007-08-17,1675.0
2007-08-18,1676.0
2007-08-19,1677.0
2007-08-20,1679.0
2007-08-21,1679.0
2007-08-22,1680.0
2007-08-23,1682.0
2007-08-24,1686.0
2007-08-25,1689.0
2007-08-26,1689.0
2007-08-27,1690.0
2007-08-28,1690.0
2007-08-29,1691.0
2007-08-30,1693.0
2007-08-31,1697.0
2007-09-01,1697.0
2007-09-02,1698.0
2007-09-03,1703.0
2007-09-04,1705.0
2007-09-05,1708.0
2007-09-06,1709.0
2007-09-07,1710.0
2007-09-08,1710.0
2007-09-09,1711.0
2007-09-10,1713.0
2007-09-11,1715.0
2007-09-12,1716.0
2007-09-13,1716.0
2007-09-14,1717.0
2007-09-15,1718.0
2007-09-16,1719.0
2007-09-17,1720.0
2007-09-18,1721.0
2007-09-19,1721.0
2007-09-20,1724.0
2007-09-21,1725.0
2007-09-22,1729.0
2007-09-23,1730.0
2007-09-24,1731.0
2007-09-25,1732.0
2007-09-26,1733.0
2007-09-27,1734.0
2007-09-28,1735.0
2007-09-29,1739.0
2007-09-30,1742.0
2007-10-01,1746.0
2007-10-02,1748.0
2007-10-03,1748.0
2007-10-04,1748.0
2007-10-05,1750.0
2007-10-06,1752.0
2007-10-07,1755.0
2007-10-08,1758.0
2007-10-09,1758.0
2007-10-10,1759.0
2007-10-11,1760.0
2007-10-12,1760.0
2007-10-13,1761.0
2007-10-14,1763.0
2007-10-15,1763.0
2007-10-16,1766.0
2007-10-17,1769.0
2007-10-18,1773.0
2007-10-19,1776.0
2007-10-20,1779.0
2007-10-21,1779.0
2007-10-22,1779.0
2007-10-23,1779.0
2007-10-24,1783.0
2007-10-25,1787.0
2007-10-26,1790.0
2007-10-27,1791.0
2007-10-28,1791.0
2007-10-29,1793.0
2007-10-30,1794.0
2007-10-31,1796.0
2007-11-01,1796.0
2007-11-02,1797.0
2007-11-03,1799.0
2007-11-04,1800.0
2007-11-05,1803.0
2007-11-06,1803.0
2007-11-07,1803.0
2007-11-08,1805.0
2007-11-09,1806.0
2007-11-10,1807.0
2007-11-11,1808.0
2007-11-12,1810.0
2007-11-13,1814.0
2007-11-14,1815.0
2007-11-15,1819.0
2007-11-16,1821.0
2007-11-17,1823.0
2007-11-18,1825.0
2007-11-19,1827.0
2007-11-20,1827.0
2007-11-21,1827.0
2007-11-22,1831.0
2007-11-23,1832.0
2007-11-24,1833.0
2007-11-25,1835.0
2007-11-26,1837.0
2007-11-27,1839.0
2007-11-28,1840.0
2007-11-29,1842.0
2007-11-30,1843.0
2007-12-01,1843.0
2007-12-02,1845.0
2007-12-03,1846.0
2007-12-04,1846.0
2007-12-05,1847.0
2007-12-06,1849.0
2007-12-07,1850.0
2007-12-08,1853.0
2007-12-09,1854.0
2007-12-10,1855.0
2007-12-11,1856.0
2007-12-12,1858.0
2007-12-13,1860.0
2007-12-14,1860.0
2007-12-15,1861.0
2007-12-16,1863.0
2007-12-17,1864.0
2007-12-18,1865.0
2007-12-19,1866.0
2007-12-20,1866.0
2007-12-21,1868.0
2007-12-22,1870.0
2007-12-23,1872.0
2007-12-24,1873.0
2007-12-25,1873.0
2007-12-26,1874.0
2007-12-27,1877.0
2007-12-28,1877.0
2007-12-29,1877.0
2007-12-30,1877.0
2007-12-31,1878.0
2008-01-01,1881.0
2008-01-02,1881.0
2008-01-03,1882.0
2008-01-04,1882.0
2008-01-05,1882.0
2008-01-06,1882.0
2008-01-07,1882.0
2008-01-08,1882.0
2008-01-09,1883.0
2008-01-10,1884.0
2008-01-11,1885.0
2008-01-12,1887.0
2008-01-13,1890.0
2008-01-14,1894.0
2008-01-15,1895.0
2008-01-16,1897.0
2008-01-17,1898.0
2008-01-18,1900.0
2008-01-19,1900.0
2008-01-20,1900.0
2008-01-21,1904.0
2008-01-22,1905.0
2008-01-23,1906.0
2008-01-24,1907.0
2008-01-25,1908.0
2008-01-26,1909.0
2008-01-27,1911.0
2008-01-28,1912.0
2008-01-29,1912.0
2008-01-30,1912.0
2008-01-31,1913.0
2008-02-01,1915.0
2008-02-02,1916.0
2008-02-03,1917.0
2008-02-04,1917.0
2008-02-05,1920.0
2008-02-06,1921.0
2008-02-07,1922.0
2008-02-08,1924.0
2008-02-09,1925.0
2008-02-10,1927.0
2008-02-11,1930.0
2008-02-12,1931.0
2008-02-13,1931.0
2008-02-14,1933.0
2008-02-15,1934.0
2008-02-16,1937.0
2008-02-17,1938.0
2008-02-18,1939.0
2008-02-19,1940.0
2008-02-20,1940.0
2008-02-21,1940.0
2008-02-22,1942.0
2008-02-23,1947.0
2008-02-24,1949.0
2008-02-25,1951.0
2008-02-26,1952.0
2008-02-27,1953.0
2008-02-28,1953.0
2008-02-29,1956.0
2008-03-01,1958.0
2008-03-02,1958.0
2008-03-03,1960.0
2008-03-04,1963.0
2008-03-05,1966.0
2008-03-06,1968.0
2008-03-07,1969.0
2008-03-08,1970.0
2008-03-09,1970.0
2008-03-10,1970.0
2008-03-11,1970.0
2008-03-12,1972.0
2008-03-13,1972.0
2008-03-14,1972.0
2008-03-15,1973.0
2008-03-16,1974.0
2008-03-17,1976.0
2008-03-18,1980.0
2008-03-19,1983.0
2008-03-20,1984.0
2008-03-21,1985.0
2008-03-22,1986.0
2008-03-23,1987.0
2008-03-24,1989.0
2008-03-25,1990.0
2008-03-26,1992.0
2008-03-27,1992.0
2008-03-28,1994.0
2008-03-29,1996.0
2008-03-30,1996.0
2008-03-31,1997.0
2008-04-01,2000.0
2008-04-02,2002.0
2008-04-03,2005.0
2008-04-04,2009.0
2008-04-05,2010.0
2008-04-06,2010.0
2008-04-07,2012.0
2008-04-08,2015.0
2008-04-09,2020.0
2008-04-10,2020.0
2008-04-11,2023.0
2008-04-12,2024.0
2008-04-13,2027.0
2008-04-14,2029.0
2008-04-15,2032.0
2008-04-16,2032.0
2008-04-17,2033.0
2008-04-18,2034.0
2008-04-19,2035.0
2008-04-20,2037.0
2008-04-21,2039.0
2008-04-22,2042.0
2008-04-23,2042.0
2008-04-24,2044.0
2008-04-25,2046.0
2008-04-26,2047.0
2008-04-27,2048.0
2008-04-28,2051.0
2008-04-29,2052.0
2008-04-30,2055.0
2008-05-01,2058.0
2008-05-02,2059.0
2008-05-03,2059.0
2008-05-04,2060.0
2008-05-05,2062.0
2008-05-06,2063.0
2008-05-07,2064.0
2008-05-08,2065.0
2008-05-09,2066.0
2008-05-10,2067.0
2008-05-11,2068.0
2008-05-12,2070.0
2008-05-13,2072.0
2008-05-14,2074.0
2008-05-15,2075.0
2008-05-16,2077.0
2008-05-17,2079.0
2008-05-18,2079.0
2008-05-19,2079.0
2008-05-20,2079.0
2008-05-21,2081.0
2008-05-22,2082.0
2008-05-23,2083.0
2008-05-24,2084.0
2008-05-25,2084.0
2008-05-26,2085.0
2008-05-27,2090.0
2008-05-28,2092.0
2008-05-29,2095.0
2008-05-30,2096.0
2008-05-31,2096.0
2008-06-01,2098.0
2008-06-02,2101.0
2008-06-03,2103.0
2008-06-04,2103.0
2008-06-05,2105.0
2008-06-06,2106.0
2008-06-07,2108.0
2008-06-08,2110.0
2008-06-09,2110.0
2008-06-10,2114.0
2008-06-11,2116.0
2008-06-12,2116.0
2008-06-13,2119.0
2008-06-14,2120.0
2008-06-15,2122.0
2008-06-16,2122.0
2008-06-17,2122.0
2008-06-18,2123.0
2008-06-19,2123.0
2008-06-20,2124.0
2008-06-21,2125.0
2008-06-22,2128.0
2008-06-23,2131.0
2008-06-24,2134.0
2008-06-25,2135.0
2008-06-26,2137.0
2008-06-27,2137.0
2008-06-28,2138.0
2008-06-29,2140.0
2008-06-30,2141.0
2008-07-01,2142.0
2008-07-02,2144.0
2008-07-03,2147.0
2008-07-04,2148.0
2008-07-05,2151.0
2008-07-06,2153.0
2008-07-07,2153.0
2008-07-08,2153.0
2008-07-09,2154.0
2008-07-10,2158.0
2008-07-11,2159.0
2008-07-12,2159.0
2008-07-13,2160.0
2008-07-14,2162.0
2008-07-15,2164.0
2008-07-16,2166.0
2008-07-17,2168.0
2008-07-18,2168.0
2008-07-19,2168.0
2008-07-20,2169.0
2008-07-21,2169.0
2008-07-22,2171.0
2008-07-23,2172.0
2008-07-24,2174.0
2008-07-25,2177.0
2008-07-26,2179.0
2008-07-27,2182.0
2008-07-28,2183.0
2008-07-29,2183.0
2008-07-30,2186.0
2008-07-31,2188.0
2008-08-01,2190.0
2008-08-02,2191.0
2008-08-03,2192.0
2008-08-04,2193.0
2008-08-05,2196.0
2008-08-06,2199.0
2008-08-07,2201.0
2008-08-08,2203.0
2008-08-09,2204.0
2008-08-10,2205.0
2008-08-11,2208.0
2008-08-12,2211.0
2008-08-13,2211.0
2008-08-14,2211.0
2008-08-15,2213.0
2008-08-16,2215.0
2008-08-17,2215.0
2008-08-18,2217.0
2008-08-19,2217.0
2008-08-20,2219.0
2008-08-21,2220.0
2008-08-22,2220.0
2008-08-23,2223.0
2008-08-24,2224.0
2008-08-25,2226.0
2008-08-26,2230.0
2008-08-27,2232.0
2008-08-28,2233.0
2008-08-29,2236.0
2008-08-30,2242.0
2008-08-31,2242.0
2008-09-01,2243.0
2008-09-02,2243.0
2008-09-03,2244.0
2008-09-04,2248.0
2008-09-05,2248.0
2008-09-06,2250.0
2008-09-07,2250.0
2008-09-08,2251.0
2008-09-09,2252.0
2008-09-10,2257.0
2008-09-11,2260.0
2008-09-12,2260.0
2008-09-13,2261.0
2008-09-14,2261.0
2008-09-15,2263.0
2008-09-16,2266.0
2008-09-17,2268.0
2008-09-18,2269.0
2008-09-19,2270.0
2008-09-20,2270.0
2008-09-21,2274.0
2008-09-22,2275.0
2008-09-23,2276.0
2008-09-24,2277.0
2008-09-25,2279.0
2008-09-26,2283.0
2008-09-27,2285.0
2008-09-28,2288.0
2008-09-29,2292.0
2008-09-30,2294.0
2008-10-01,2296.0
2008-10-02,2299.0
2008-10-03,2301.0
2008-10-04,2303.0
2008-10-05,2305.0
2008-10-06,2305.0
2008-10-07,2306.0
2008-10-08,2308.0
2008-10-09,2312.0
2008-10-10,2313.0
2008-10-11,2315.0
2008-10-12,2315.0
2008-10-13,2317.0
2008-10-14,2318.0
2008-10-15,2321.0
2008-10-16,2323.0
2008-10-17,2327.0
2008-10-18,2327.0
2008-10-19,2330.0
2008-10-20,2331.0
2008-10-21,2331.0
2008-10-22,2333.0
2008-10-23,2333.0
2008-10-24,2336.0
2008-10-25,2338.0
2008-10-26,2339.0
2008-10-27,2340.0
2008-10-28,2340.0
2008-10-29,2342.0
2008-10-30,2343.0
2008-10-31,2343.0
2008-11-01,2345.0
2008-11-02,2347.0
2008-11-03,2349.0
2008-11-04,2351.0
2008-11-05,2353.0
2008-11-06,2354.0
2008-11-07,2356.0
2008-11-08,2357.0
2008-11-09,2358.0
2008-11-10,2359.0
2008-11-11,2360.0
2008-11-12,2364.0
2008-11-13,2365.0
2008-11-14,2366.0
2008-11-15,2368.0
2008-11-16,2370.0
2008-11-17,2373.0
2008-11-18,2374.0
2008-11-19,2374.0
2008-11-20,2377.0
2008-11-21,2379.0
2008-11-22,2381.0
2008-11-23,2385.0
2008-11-24,2387.0
2008-11-25,2387.0
2008-11-26,2391.0
2008-11-27,2393.0
2008-11-28,2394.0
2008-11-29,2395.0
2008-11-30,2400.0
2008-12-01,2401.0
2008-12-02,2406.0
2008-12-03,2408.0
2008-12-04,2412.0
2008-12-05,2414.0
2008-12-06,2414.0
2008-12-07,2415.0
2008-12-08,2416.0
2008-12-09,2417.0
2008-12-10,2419.0
2008-12-11,2420.0
2008-12-12,2420.0
2008-12-13,2421.0
2008-12-14,2421.0
2008-12-15,2424.0
2008-12-16,2426.0
2008-12-17,2427.0
2008-12-18,2429.0
2008-12-19,2433.0
2008-12-20,2436.0
2008-12-21,2438.0
2008-12-22,2441.0
2008-12-23,2443.0
2008-12-24,2445.0
2008-12-25,2446.0
2008-12-26,2448.0
2008-12-27,2453.0
2008-12-28,2455.0
2008-12-29,2457.0
2008-12-30,2459.0
2008-12-31,2461.0
2009-01-01,2461.0
2009-01-02,2463.0
2009-01-03,2464.0
2009-01-04,2465.0
2009-01-05,2467.0
2009-01-06,2467.0
2009-01-07,2469.0
2009-01-08,2472.0
2009-01-09,2474.0
2009-01-10,2478.0
2009-01-11,2479.0
2009-01-12,2481.0
2009-01-13,2482.0
2009-01-14,2486.0
2009-01-15,2487.0
2009-01-16,2487.0
2009-01-17,2489.0
2009-01-18,2490.0
2009-01-19,2493.0
2009-01-20,2496.0
2009-01-21,2497.0
2009-01-22,2500.0
2009-01-23,2501.0
2009-01-24,2501.0
2009-01-25,2502.0
2009-01-26,2502.0
2009-01-27,2504.0
2009-01-28,2505.0
2009-01-29,2505.0
2009-01-30,2506.0
2009-01-31,2506.0
2009-02-01,2513.0
2009-02-02,2515.0
2009-02-03,2515.0
2009-02-04,2516.0
2009-02-05,2517.0
2009-02-06,2518.0
2009-02-07,2520.0
2009-02-08,2522.0
2009-02-09,2524.0
2009-02-10,2528.0
2009-02-11,2528.0
2009-02-12,2530.0
2009-02-13,2532.0
2009-02-14,2532.0
2009-02-15,2533.0
2009-02-16,2538.0
2009-02-17,2540.0
2009-02-18,2542.0
2009-02-19,2542.0
2009-02-20,2545.0
2009-02-21,2546.0
2009-02-22,2548.0
2009-02-23,2549.0
2009-02-24,2550.0
2009-02-25,2553.0
2009-02-26,2556.0
2009-02-27,2558.0
2009-02-28,2558.0
2009-03-01,2560.0
2009-03-02,2562.0
2009-03-03,2562.0
2009-03-04,2563.0
2009-03-05,2565.0
2009-03-06,2567.0
2009-03-07,2571.0
2009-03-08,2573.0
2009-03-09,2574.0
2009-03-10,2574.0
2009-03-11,2574.0
2009-03-12,2577.0
2009-03-13,2579.0
2009-03-14,2583.0
2009-03-15,2583.0
2009-03-16,2584.0
2009-03-17,2587.0
2009-03-18,2588.0
2009-03-19,2592.0
2009-03-20,2592.0
2009-03-21,2593.0
2009-03-22,2593.0
2009-03-23,2596.0
2009-03-24,2597.0
2009-03-25,2599.0
2009-03-26,2603.0
2009-03-27,2604.0
2009-03-28,2607.0
2009-03-29,2610.0
2009-03-30,2612.0
2009-03-31,2613.0
2009-04-01,2616.0
2009-04-02,2617.0
2009-04-03,2618.0
2009-04-04,2621.0
2009-04-05,2624.0
2009-04-06,2625.0
2009-04-07,2629.0
2009-04-08,2633.0
2009-04-09,2633.0
2009-04-10,2633.0
2009-04-11,2634.0
2009-04-12,2635.0
2009-04-13,2639.0
2009-04-14,2640.0
2009-04-15,2641.0
2009-04-16,2642.0
2009-04-17,2643.0
2009-04-18,2646.0
2009-04-19,2647.0
2009-04-20,2648.0
2009-04-21,2650.0
2009-04-22,2654.0
2009-04-23,2657.0
2009-04-24,2657.0
2009-04-25,2659.0
2009-04-26,2662.0
2009-04-27,2664.0
2009-04-28,2668.0
2009-04-29,2671.0
2009-04-30,2675.0
2009-05-01,2675.0
2009-05-02,2676.0
2009-05-03,2679.0
2009-05-04,2680.0
2009-05-05,2682.0
2009-05-06,2684.0
2009-05-07,2686.0
2009-05-08,2687.0
2009-05-09,2688.0
2009-05-10,2692.0
2009-05-11,2693.0
2009-05-12,2694.0
2009-05-13,2696.0
2009-05-14,2698.0
2009-05-15,2702.0
2009-05-16,2704.0
2009-05-17,2712.0
2009-05-18,2715.0
2009-05-19,2716.0
2009-05-20,2719.0
2009-05-21,2721.0
2009-05-22,2721.0
2009-05-23,2722.0
2009-05-24,2722.0
2009-05-25,2724.0
2009-05-26,2727.0
2009-05-27,2728.0
2009-05-28,2729.0
2009-05-29,2734.0
2009-05-30,2735.0
2009-05-31,2736.0
2009-06-01,2738.0
2009-06-02,2740.0
2009-06-03,2745.0
2009-06-04,2746.0
2009-06-05,2748.0
2009-06-06,2749.0
2009-06-07,2751.0
2009-06-08,2751.0
2009-06-09,2752.0
2009-06-10,2753.0
2009-06-11,2755.0
2009-06-12,2758.0
2009-06-13,2758.0
2009-06-14,2759.0
2009-06-15,2763.0
2009-06-16,2764.0
2009-06-17,2766.0
2009-06-18,2768.0
2009-06-19,2769.0
2009-06-20,2770.0
2009-06-21,2772.0
2009-06-22,2772.0
2009-06-23,2774.0
2009-06-24,2775.0
2009-06-25,2776.0
2009-06-26,2778.0
2009-06-27,2780.0
2009-06-28,2780.0
2009-06-29,2781.0
2009-06-30,2783.0
2009-07-01,2784.0
2009-07-02,2786.0
2009-07-03,2787.0
2009-07-04,2788.0
2009-07-05,2791.0
2009-07-06,2794.0
2009-07-07,2798.0
2009-07-08,2800.0
2009-07-09,2802.0
2009-07-10,2804.0
2009-07-11,2806.0
2009-07-12,2807.0
2009-07-13,2811.0
2009-07-14,2813.0
2009-07-15,2816.0
2009-07-16,2816.0
2009-07-17,2816.0
2009-07-18,2816.0
2009-07-19,2819.0
2009-07-20,2821.0
2009-07-21,2821.0
2009-07-22,2822.0
2009-07-23,2823.0
2009-07-24,2824.0
2009-07-25,2826.0
2009-07-26,2829.0
2009-07-27,2831.0
2009-07-28,2833.0
2009-07-29,2837.0
2009-07-30,2838.0
2009-07-31,2841.0
2009-08-01,2843.0
2009-08-02,2844.0
2009-08-03,2845.0
2009-08-04,2845.0
2009-08-05,2846.0
2009-08-06,2849.0
2009-08-07,2849.0
2009-08-08,2852.0
2009-08-09,2853.0
2009-08-10,2857.0
2009-08-11,2857.0
2009-08-12,2858.0
2009-08-13,2860.0
2009-08-14,2860.0
2009-08-15,2860.0
2009-08-16,2860.0
2009-08-17,2860.0
2009-08-18,2863.0
2009-08-19,2864.0
2009-08-20,2866.0
2009-08-21,2868.0
2009-08-22,2872.0
2009-08-23,2872.0
2009-08-24,2876.0
2009-08-25,2876.0
2009-08-26,2877.0
2009-08-27,2877.0
2009-08-28,2879.0
2009-08-29,2880.0
2009-08-30,2881.0
2009-08-31,2882.0
2009-09-01,2887.0
2009-09-02,2890.0
2009-09-03,2892.0
2009-09-04,2894.0
2009-09-05,2899.0
2009-09-06,2901.0
2009-09-07,2905.0
2009-09-08,2906.0
2009-09-09,2906.0
2009-09-10,2908.0
2009-09-11,2908.0
2009-09-12,2912.0
2009-09-13,2913.0
2009-09-14,2916.0
2009-09-15,2918.0
2009-09-16,3.0
2009-09-17,3.0
2009-09-18,3.0
2009-09-19,4.0
2009-09-20,6.0
2009-09-21,6.0
2009-09-22,8.0
2009-09-23,9.0
2009-09-24,9.0
2009-09-25,12.0
2009-09-26,13.0
2009-09-27,15.0
2009-09-28,16.0
2009-09-29,19.0
2009-09-30,21.0
2009-10-01,24.0
2009-10-02,28.0
2009-10-03,29.0
2009-10-04,29.0
2009-10-05,29.0
2009-10-06,33.0
2009-10-07,35.0
2009-10-08,38.0
2009-10-09,38.0
2009-10-10,39.0
2009-10-11,40.0
2009-10-12,42.0
2009-10-13,44.0
2009-10-14,46.0
2009-10-15,46.0
2009-10-16,49.0
2009-10-17,52.0
2009-10-18,55.0
2009-10-19,57.0
2009-10-20,58.0
2009-10-21,59.0
2009-10-22,60.0
2009-10-23,64.0
2009-10-24,65.0
2009-10-25,69.0
2009-10-26,71.0
2009-10-27,73.0
2009-10-28,76.0
2009-10-29,78.0
2009-10-30,80.0
2009-10-31,82.0
2009-11-01,84.0
2009-11-02,85.0
2009-11-03,86.0
2009-11-04,89.0
2009-11-05,91.0
2009-11-06,91.0
2009-11-07,95.0
2009-11-08,98.0
2009-11-09,99.0
2009-11-10,101.0
2009-11-11,102.0
2009-11-12,105.0
2009-11-13,122.0
2009-11-14,124.0
2009-11-15,128.0
2009-11-16,128.0
2009-11-17,131.0
2009-11-18,133.0
2009-11-19,135.0
2009-11-20,140.0
2009-11-21,143.0
2009-11-22,145.0
2009-11-23,150.0
2009-11-24,151.0
2009-11-25,152.0
2009-11-26,152.0
2009-11-27,154.0
2009-11-28,156.0
2009-11-29,157.0
2009-11-30,158.0
2009-12-01,161.0
2009-12-02,163.0
2009-12-03,163.0
2009-12-04,166.0
2009-12-05,168.0
2009-12-06,170.0
2009-12-07,171.0
2009-12-08,171.0
2009-12-09,178.0
2009-12-10,178.0
2009-12-11,179.0
2009-12-12,182.0
2009-12-13,183.0
2009-12-14,183.0
2009-12-15,187.0
2009-12-16,188.0
2009-12-17,191.0
2009-12-18,192.0
2009-12-19,192.0
2009-12-20,193.0
2009-12-21,195.0
2009-12-22,196.0
2009-12-23,196.0
2009-12-24,197.0
2009-12-25,199.0
2009-12-26,203.0
2009-12-27,205.0
2009-12-28,206.0
2009-12-29,206.0
2009-12-30,210.0
2009-12-31,215.0
2010-01-01,215.0
2010-01-02,
2010-01-03,
2010-01-04,218.0
2010-01-05,220.0
2010-01-06,222.0
2010-01-07,223.0
2010-01-08,224.0
2010-01-09,225.0
2010-01-10,227.0
2010-01-11,229.0
2010-01-12,231.0
2010-01-13,232.0
2010-01-14,233.0
2010-01-15,235.0
2010-01-16,241.0
2010-01-17,244.0
2010-01-18,246.0
2010-01-19,249.0
2010-01-20,249.0
2010-01-21,251.0
2010-01-22,252.0
2010-01-23,253.0
2010-01-24,254.0
2010-01-25,255.0
2010-01-26,256.0
2010-01-27,258.0
2010-01-28,258.0
2010-01-29,260.0
2010-01-30,263.0
2010-01-31,263.0
2010-02-01,264.0
2010-02-02,268.0
2010-02-03,270.0
2010-02-04,273.0
2010-02-05,276.0
2010-02-06,278.0
2010-02-07,280.0
2010-02-08,280.0
2010-02-09,282.0
2010-02-10,282.0
2010-02-11,284.0
2010-02-12,288.0
2010-02-13,292.0
2010-02-14,295.0
2010-02-15,296.0
2010-02-16,298.0
2010-02-17,299.0
2010-02-18,300.0
2010-02-19,303.0
2010-02-20,304.0
2010-02-21,305.0
2010-02-22,307.0
2010-02-23,308.0
2010-02-24,310.0
2010-02-25,310.0
2010-02-26,312.0
2010-02-27,314.0
2010-02-28,319.0
2010-03-01,319.0
2010-03-02,320.0
2010-03-03,320.0
2010-03-04,321.0
2010-03-05,321.0
2010-03-06,322.0
2010-03-07,326.0
2010-03-08,328.0
2010-03-09,334.0
2010-03-10,336.0
2010-03-11,337.0
2010-03-12,338.0
2010-03-13,341.0
2010-03-14,342.0
2010-03-15,342.0
2010-03-16,342.0
2010-03-17,345.0
2010-03-18,347.0
2010-03-19,351.0
2010-03-20,352.0
2010-03-21,352.0
2010-03-22,354.0
2010-03-23,356.0
2010-03-24,357.0
2010-03-25,359.0
2010-03-26,360.0
2010-03-27,364.0
2010-03-28,366.0
2010-03-29,366.0
2010-03-30,369.0
2010-03-31,372.0
2010-04-01,372.0
2010-04-02,376.0
2010-04-03,379.0
2010-04-04,382.0
2010-04-05,384.0
2010-04-06,386.0
2010-04-07,387.0
2010-04-08,391.0
2010-04-09,392.0
2010-04-10,393.0
2010-04-11,394.0
2010-04-12,396.0
2010-04-13,396.0
2010-04-14,396.0
2010-04-15,398.0
2010-04-16,398.0
2010-04-17,401.0
2010-04-18,404.0
2010-04-19,404.0
2010-04-20,404.0
2010-04-21,405.0
2010-04-22,406.0
2010-04-23,406.0
2010-04-24,407.0
2010-04-25,411.0
2010-04-26,415.0
2010-04-27,420.0
2010-04-28,422.0
2010-04-29,425.0
2010-04-30,426.0
2010-05-01,427.0
2010-05-02,430.0
2010-05-03,432.0
2010-05-04,433.0
2010-05-05,435.0
2010-05-06,437.0
2010-05-07,438.0
2010-05-08,441.0
2010-05-09,444.0
2010-05-10,444.0
2010-05-11,447.0
2010-05-12,448.0
2010-05-13,449.0
2010-05-14,451.0
2010-05-15,453.0
2010-05-16,455.0
2010-05-17,456.0
2010-05-18,456.0
2010-05-19,458.0
2010-05-20,459.0
2010-05-21,459.0
2010-05-22,463.0
2010-05-23,464.0
2010-05-24,467.0
2010-05-25,468.0
2010-05-26,469.0
2010-05-27,470.0
2010-05-28,475.0
2010-05-29,477.0
2010-05-30,479.0
2010-05-31,480.0
2010-06-01,483.0
2010-06-02,483.0
2010-06-03,484.0
2010-06-04,485.0
2010-06-05,486.0
2010-06-06,487.0
2010-06-07,493.0
2010-06-08,494.0
2010-06-09,494.0
2010-06-10,496.0
2010-06-11,497.0
2010-06-12,497.0
2010-06-13,498.0
2010-06-14,499.0
2010-06-15,501.0
2010-06-16,502.0
2010-06-17,506.0
2010-06-18,507.0
2010-06-19,507.0
2010-06-20,513.0
2010-06-21,515.0
2010-06-22,515.0
2010-06-23,517.0
2010-06-24,519.0
2010-06-25,520.0
2010-06-26,523.0
2010-06-27,526.0
2010-06-28,529.0
2010-06-29,530.0
2010-06-30,533.0
2010-07-01,534.0
2010-07-02,537.0
2010-07-03,538.0
2010-07-04,539.0
2010-07-05,540.0
2010-07-06,544.0
2010-07-07,546.0
2010-07-08,546.0
2010-07-09,547.0
2010-07-10,547.0
2010-07-11,550.0
2010-07-12,551.0
2010-07-13,553.0
2010-07-14,557.0
2010-07-15,559.0
2010-07-16,561.0
2010-07-17,563.0
2010-07-18,563.0
2010-07-19,565.0
2010-07-20,565.0
2010-07-21,566.0
2010-07-22,566.0
2010-07-23,570.0
2010-07-24,572.0
2010-07-25,574.0
2010-07-26,575.0
2010-07-27,575.0
2010-07-28,575.0
2010-07-29,577.0
2010-07-30,579.0
2010-07-31,584.0
2010-08-01,586.0
2010-08-02,587.0
2010-08-03,589.0
2010-08-04,592.0
2010-08-05,593.0
2010-08-06,594.0
2010-08-07,594.0
2010-08-08,596.0
2010-08-09,600.0
2010-08-10,601.0
2010-08-11,601.0
2010-08-12,603.0
2010-08-13,604.0
2010-08-14,607.0
2010-08-15,608.0
2010-08-16,610.0
2010-08-17,614.0
2010-08-18,618.0
2010-08-19,620.0
2010-08-20,625.0
2010-08-21,625.0
2010-08-22,625.0
2010-08-23,628.0
2010-08-24,632.0
2010-08-25,636.0
2010-08-26,637.0
2010-08-27,637.0
2010-08-28,640.0
2010-08-29,643.0
2010-08-30,644.0
2010-08-31,644.0
2010-09-01,646.0
2010-09-02,647.0
2010-09-03,648.0
2010-09-04,650.0
2010-09-05,654.0
2010-09-06,654.0
2010-09-07,656.0
2010-09-08,658.0
2010-09-09,659.0
2010-09-10,659.0
2010-09-11,662.0
2010-09-12,665.0
2010-09-13,668.0
2010-09-14,669.0
2010-09-15,670.0
2010-09-16,671.0
2010-09-17,673.0
2010-09-18,674.0
2010-09-19,674.0
2010-09-20,678.0
2010-09-21,681.0
2010-09-22,682.0
2010-09-23,684.0
2010-09-24,685.0
2010-09-25,685.0
2010-09-26,685.0
2010-09-27,686.0
2010-09-28,687.0
2010-09-29,690.0
2010-09-30,691.0
2010-10-01,692.0
2010-10-02,693.0
2010-10-03,693.0
2010-10-04,696.0
2010-10-05,698.0
2010-10-06,699.0
2010-10-07,700.0
2010-10-08,700.0
2010-10-09,701.0
2010-10-10,702.0
2010-10-11,702.0
2010-10-12,704.0
2010-10-13,707.0
2010-10-14,709.0
2010-10-15,712.0
2010-10-16,713.0
2010-10-17,715.0
2010-10-18,716.0
2010-10-19,717.0
2010-10-20,720.0
2010-10-21,721.0
2010-10-22,721.0
2010-10-23,722.0
2010-10-24,726.0
2010-10-25,729.0
2010-10-26,729.0
2010-10-27,730.0
2010-10-28,730.0
2010-10-29,732.0
2010-10-30,732.0
2010-10-31,734.0
2010-11-01,735.0
2010-11-02,735.0
2010-11-03,737.0
2010-11-04,740.0
2010-11-05,741.0
2010-11-06,745.0
2010-11-07,746.0
2010-11-08,746.0
2010-11-09,748.0
2010-11-10,748.0
2010-11-11,749.0
2010-11-12,750.0
2010-11-13,753.0
2010-11-14,755.0
2010-11-15,755.0
2010-11-16,757.0
2010-11-17,760.0
2010-11-18,761.0
2010-11-19,762.0
2010-11-20,762.0
2010-11-21,763.0
2010-11-22,763.0
2010-11-23,766.0
2010-11-24,768.0
2010-11-25,770.0
2010-11-26,770.0
2010-11-27,772.0
2010-11-28,775.0
2010-11-29,776.0
2010-11-30,777.0
2010-12-01,780.0
2010-12-02,782.0
2010-12-03,783.0
2010-12-04,784.0
2010-12-05,787.0
2010-12-06,793.0
2010-12-07,795.0
2010-12-08,796.0
2010-12-09,799.0
2010-12-10,799.0
2010-12-11,799.0
2010-12-12,801.0
2010-12-13,803.0
2010-12-14,803.0
2010-12-15,803.0
2010-12-16,804.0
2010-12-17,805.0
2010-12-18,806.0
2010-12-19,808.0
2010-12-20,811.0
2010-12-21,814.0
2010-12-22,814.0
2010-12-23,814.0
2010-12-24,814.0
2010-12-25,815.0
2010-12-26,816.0
2010-12-27,816.0
2010-12-28,818.0
2010-12-29,820.0
2010-12-30,822.0
2010-12-31,825.0
2011-01-01,825.0
2011-01-02,826.0
2011-01-03,828.0
2011-01-04,829.0
2011-01-05,830.0
2011-01-06,831.0
2011-01-07,831.0
2011-01-08,831.0
2011-01-09,833.0
2011-01-10,833.0
2011-01-11,834.0
2011-01-12,836.0
2011-01-13,838.0
2011-01-14,838.0
2011-01-15,841.0
2011-01-16,842.0
2011-01-17,843.0
2011-01-18,846.0
2011-01-19,847.0
2011-01-20,848.0
2011-01-21,854.0
2011-01-22,856.0
2011-01-23,858.0
2011-01-24,858.0
2011-01-25,860.0
2011-01-26,864.0
2011-01-27,868.0
2011-01-28,868.0
2011-01-29,870.0
2011-01-30,872.0
2011-01-31,873.0
2011-02-01,874.0
2011-02-02,875.0
2011-02-03,877.0
2011-02-04,880.0
2011-02-05,883.0
2011-02-06,884.0
2011-02-07,887.0
2011-02-08,888.0
2011-02-09,893.0
2011-02-10,894.0
2011-02-11,897.0
2011-02-12,899.0
2011-02-13,900.0
2011-02-14,901.0
2011-02-15,902.0
2011-02-16,904.0
2011-02-17,905.0
2011-02-18,907.0
2011-02-19,909.0
2011-02-20,911.0
2011-02-21,912.0
2011-02-22,914.0
2011-02-23,915.0
2011-02-24,918.0
2011-02-25,919.0
2011-02-26,925.0
2011-02-27,926.0
2011-02-28,927.0
2011-03-01,931.0
2011-03-02,933.0
2011-03-03,933.0
2011-03-04,936.0
2011-03-05,941.0
2011-03-06,943.0
2011-03-07,946.0
2011-03-08,947.0
2011-03-09,950.0
2011-03-10,952.0
2011-03-11,954.0
2011-03-12,955.0
2011-03-13,958.0
2011-03-14,958.0
2011-03-15,959.0
2011-03-16,959.0
2011-03-17,961.0
2011-03-18,961.0
2011-03-19,961.0
2011-03-20,965.0
2011-03-21,968.0
2011-03-22,970.0
2011-03-23,970.0
2011-03-24,971.0
2011-03-25,972.0
2011-03-26,974.0
2011-03-27,977.0
2011-03-28,977.0
2011-03-29,978.0
2011-03-30,980.0
2011-03-31,981.0
2011-04-01,981.0
2011-04-02,984.0
2011-04-03,986.0
2011-04-04,986.0
2011-04-05,989.0
2011-04-06,990.0
2011-04-07,990.0
2011-04-08,991.0
2011-04-09,991.0
2011-04-10,991.0
2011-04-11,995.0
2011-04-12,996.0
2011-04-13,997.0
2011-04-14,997.0
2011-04-15,999.0
2011-04-16,1004.0
2011-04-17,1005.0
2011-04-18,1009.0
2011-04-19,1011.0
2011-04-20,1014.0
2011-04-21,1019.0
2011-04-22,1021.0
2011-04-23,1025.0
2011-04-24,1026.0
2011-04-25,1026.0
2011-04-26,1028.0
2011-04-27,1029.0
2011-04-28,1033.0
2011-04-29,1035.0
2011-04-30,1036.0
2011-05-01,1037.0
2011-05-02,1038.0
2011-05-03,1038.0
2011-05-04,1041.0
2011-05-05,1041.0
2011-05-06,1042.0
2011-05-07,1047.0
2011-05-08,1049.0
2011-05-09,1050.0
2011-05-10,1052.0
2011-05-11,1053.0
2011-05-12,1055.0
2011-05-13,1058.0
2011-05-14,1058.0
2011-05-15,1060.0
2011-05-16,1062.0
2011-05-17,1062.0
2011-05-18,1064.0
2011-05-19,1065.0
2011-05-20,1068.0
2011-05-21,1071.0
2011-05-22,1074.0
2011-05-23,1075.0
2011-05-24,1077.0
2011-05-25,1079.0
2011-05-26,1079.0
2011-05-27,1080.0
2011-05-28,1081.0
2011-05-29,1084.0
2011-05-30,1085.0
2011-05-31,1085.0
2011-06-01,1087.0
2011-06-02,1088.0
2011-06-03,1091.0
2011-06-04,1092.0
2011-06-05,1094.0
2011-06-06,1095.0
2011-06-07,1095.0
2011-06-08,1095.0
2014-01-20,0.0
2014-01-21,0.0
2014-01-22,1.0
2014-01-23,3.0
2014-01-24,5.0
2014-01-25,5.0
2014-01-26,6.0
2014-01-27,6.0
2014-01-28,6.0
2014-01-29,9.0
2014-01-30,10.0
2014-01-31,12.0
2014-02-01,12.0
2014-02-02,15.0
2014-02-03,17.0
2014-02-04,18.0
2014-02-05,18.0
2014-02-06,19.0
2014-02-07,19.0
2014-02-08,20.0
2014-02-09,22.0
2014-02-10,23.0
2014-02-11,26.0
2014-02-12,26.0
2014-02-13,26.0
2014-02-14,27.0
2014-02-15,28.0
2014-02-16,30.0
2014-02-17,31.0
2014-02-18,32.0
2014-02-19,32.0
2014-02-20,32.0
2014-02-21,35.0
2014-02-22,36.0
2014-02-23,39.0
2014-02-24,40.0
2014-02-25,41.0
2014-02-26,42.0
2014-02-27,42.0
2014-02-28,43.0
2014-03-01,44.0
2014-03-02,45.0
2014-03-03,46.0
2014-03-04,47.0
2014-03-05,47.0
2014-03-06,48.0
2014-03-07,49.0
2014-03-08,50.0
2014-03-09,50.0
2014-03-10,51.0
2014-03-11,52.0
2014-03-12,52.0
2014-03-13,52.0
2014-03-14,54.0
2014-03-15,56.0
2014-03-16,56.0
2014-03-17,56.0
2014-03-18,56.0
2014-03-19,56.0
2014-03-20,58.0
2014-03-21,58.0
2014-03-22,59.0
2014-03-23,59.0
2014-03-24,59.0
2014-03-25,59.0
2014-03-26,60.0
2014-03-27,63.0
2014-03-28,64.0
2014-03-29,64.0
2014-03-30,65.0
2014-03-31,67.0
2014-04-01,67.0
2014-04-02,70.0
2014-04-03,71.0
2014-04-04,74.0
2014-04-05,76.0
2014-04-06,76.0
2014-04-07,76.0
2014-04-08,78.0
2014-04-09,79.0
2014-04-10,79.0
2014-04-11,80.0
2014-04-12,80.0
2014-04-13,80.0
2014-04-14,81.0
2014-04-15,81.0
2014-04-16,81.0
2014-04-17,83.0
2014-04-18,84.0
2014-04-19,86.0
2014-04-20,87.0
2014-04-21,87.0
2014-04-22,87.0
2014-04-23,87.0
2014-04-24,88.0
2014-04-25,89.0
2014-04-26,89.0
2014-04-27,90.0
2014-04-28,90.0
2014-04-29,92.0
2014-04-30,92.0
2014-05-01,92.0
2014-05-02,92.0
2014-05-03,92.0
2014-05-04,93.0
2014-05-05,93.0
2014-05-06,94.0
2014-05-07,94.0
2014-05-08,94.0
2014-05-09,96.0
2014-05-10,99.0
2014-05-11,100.0
2014-05-12,100.0
2014-05-13,100.0
2014-05-14,100.0
2014-05-15,101.0
2014-05-16,104.0
2014-05-17,105.0
2014-05-18,107.0
2014-05-19,107.0
2014-05-20,108.0
2014-05-21,108.0
2014-05-22,110.0
2014-05-23,110.0
2014-05-24,111.0
2014-05-25,112.0
2014-05-26,114.0
2014-05-27,116.0
2014-05-28,117.0
2014-05-29,118.0
2014-05-30,119.0
2014-05-31,121.0
2014-06-01,122.0
2014-06-02,123.0
2014-06-03,123.0
2014-06-04,124.0
2014-06-05,125.0
2014-06-06,128.0
2014-06-07,128.0
2014-06-08,130.0
2014-06-09,130.0
2014-06-10,130.0
2014-06-11,130.0
2014-06-12,130.0
2014-06-13,131.0
2014-06-14,132.0
2014-06-15,132.0
2014-06-16,132.0
2014-06-17,132.0
2014-06-18,132.0
2014-06-19,132.0
2014-06-20,133.0
2014-06-21,136.0
2014-06-22,138.0
2014-06-23,139.0
2014-06-24,140.0
2014-06-25,141.0
2014-06-26,142.0
2014-06-27,142.0
2014-06-28,143.0
2014-06-29,143.0
2014-06-30,143.0
2014-07-01,144.0
2014-07-02,144.0
2014-07-03,144.0
2014-07-04,145.0
2014-07-05,147.0
2014-07-06,148.0
2014-07-07,150.0
2014-07-08,150.0
2014-07-09,151.0
2014-07-10,151.0
2014-07-11,151.0
2014-07-12,152.0
2014-07-13,152.0
2014-07-14,153.0
2014-07-15,153.0
2014-07-16,156.0
2014-07-17,156.0
2014-07-18,157.0
2014-07-19,157.0
2014-07-20,158.0
2014-07-21,158.0
2014-07-22,159.0
2014-07-23,159.0
2014-07-24,159.0
2014-07-25,159.0
2014-07-26,159.0
2014-07-27,160.0
2014-07-28,160.0
2014-07-29,160.0
2014-07-30,160.0
2014-07-31,161.0
2014-08-01,162.0
2014-08-02,162.0
2014-08-03,163.0
2014-08-04,165.0
2014-08-05,167.0
2014-08-06,168.0
2014-08-07,170.0
2014-08-08,172.0
2014-08-09,173.0
2014-08-10,174.0
2014-08-11,176.0
2014-08-12,176.0
2014-08-13,176.0
2014-08-14,176.0
2014-08-15,177.0
2014-08-16,178.0
2014-08-17,179.0
2014-08-18,180.0
2014-08-19,181.0
2014-08-20,182.0
2014-08-21,182.0
2014-08-22,183.0
2014-08-23,184.0
2014-08-24,184.0
2014-08-25,185.0
2014-08-26,185.0
2014-08-27,188.0
2014-08-28,188.0
2014-08-29,188.0
2014-08-30,192.0
2014-08-31,193.0
2014-09-01,193.0
2014-09-02,193.0
2014-09-03,195.0
2014-09-04,195.0
2014-09-05,197.0
2014-09-06,197.0
2014-09-07,197.0
2014-09-08,199.0
2014-09-09,200.0
2014-09-10,201.0
2014-09-11,203.0
2014-09-12,203.0
2014-09-13,205.0
2014-09-14,205.0
2014-09-15,206.0
2014-09-16,206.0
2014-09-17,206.0
2014-09-18,206.0
2014-09-19,206.0
2014-09-20,206.0
2014-09-21,206.0
2014-09-22,207.0
2014-09-23,207.0
2014-09-24,207.0
2014-09-25,208.0
2014-09-26,212.0
2014-09-27,213.0
2014-09-28,215.0
2014-09-29,215.0
2014-09-30,217.0
2014-10-01,219.0
2014-10-02,221.0
2014-10-03,223.0
2014-10-04,227.0
2014-10-05,228.0
2014-10-06,228.0
2014-10-07,230.0
2014-10-08,230.0
2014-10-09,231.0
2014-10-10,231.0
2014-10-11,231.0
2014-10-12,233.0
2014-10-13,233.0
2014-10-14,234.0
2014-10-15,237.0
2014-10-16,238.0
2014-10-17,238.0
2014-10-18,238.0
2014-10-19,238.0
2014-10-20,239.0
2014-10-21,239.0
2014-10-22,239.0
2014-10-23,240.0
2014-10-24,240.0
2014-10-25,240.0
2014-10-26,241.0
2014-10-27,241.0
2014-10-28,241.0
2014-10-29,243.0
2014-10-30,244.0
2014-10-31,245.0
2014-11-01,246.0
2014-11-02,248.0
2014-11-03,248.0
2014-11-04,248.0
2014-11-05,248.0
2014-11-06,249.0
2014-11-07,249.0
2014-11-08,249.0
2014-11-09,250.0
2014-11-10,252.0
2014-11-11,253.0
2014-11-12,255.0
2014-11-13,256.0
2014-11-14,256.0
2014-11-15,257.0
2014-11-16,257.0
2014-11-17,258.0
2014-11-18,260.0
2014-11-19,261.0
2014-11-20,264.0
2014-11-21,266.0
2014-11-22,266.0
2014-11-23,266.0
2014-11-24,266.0
2014-11-25,269.0
2014-11-26,272.0
2014-11-27,273.0
2014-11-28,273.0
2014-11-29,274.0
2014-11-30,279.0
2014-12-01,280.0
2014-12-02,280.0
2014-12-03,280.0
2014-12-04,280.0
2014-12-05,280.0
2014-12-06,282.0
2014-12-07,286.0
2014-12-08,289.0
2014-12-09,289.0
2014-12-10,291.0
2014-12-11,291.0
2014-12-12,293.0
2014-12-13,295.0
2014-12-14,296.0
2014-12-15,297.0
2014-12-16,297.0
2014-12-17,298.0
2014-12-18,299.0
2014-12-19,301.0
2014-12-20,301.0
2014-12-21,302.0
2014-12-22,303.0
2014-12-23,306.0
2014-12-24,307.0
2014-12-25,308.0
2014-12-26,310.0
2014-12-27,310.0
2014-12-28,311.0
2014-12-29,311.0
2014-12-30,312.0
2014-12-31,312.0
2015-01-01,313.0
2015-01-02,314.0
2015-01-03,314.0
2015-01-04,315.0
2015-01-05,316.0
2015-01-06,316.0
2015-01-07,316.0
2015-01-08,316.0
2015-01-09,317.0
2015-01-10,319.0
2015-01-11,320.0
2015-01-12,320.0
2015-01-13,321.0
2015-01-14,322.0
2015-01-15,322.0
2015-01-16,324.0
2015-01-17,324.0
2015-01-18,324.0
2015-01-19,324.0
2015-01-20,327.0
2015-01-21,329.0
2015-01-22,329.0
2015-01-23,329.0
2015-01-24,329.0
2015-01-25,329.0
2015-01-26,332.0
2015-01-27,333.0
2015-01-28,333.0
2015-01-29,334.0
2015-01-30,335.0
2015-01-31,337.0
2015-02-01,338.0
2015-02-02,340.0
2015-02-03,340.0
2015-02-04,340.0
2015-02-05,342.0
2015-02-06,343.0
2015-02-07,344.0
2015-02-08,344.0
2015-02-09,345.0
2015-02-10,347.0
2015-02-11,348.0
2015-02-12,348.0
2015-02-13,351.0
2015-02-14,352.0
2015-02-15,353.0
2015-02-16,353.0
2015-02-17,354.0
2015-02-18,355.0
2015-02-19,355.0
2015-02-20,356.0
2015-02-21,356.0
2015-02-22,357.0
2015-02-23,357.0
2015-02-24,359.0
2015-02-25,359.0
2015-02-26,361.0
2015-02-27,362.0
2015-02-28,362.0
2015-03-01,363.0
2015-03-02,365.0
2015-03-03,365.0
2015-03-04,366.0
2015-03-05,368.0
2015-03-06,368.0
2015-03-07,369.0
2015-03-08,369.0
2015-03-09,369.0
2015-03-10,370.0
2015-03-11,372.0
2015-03-12,372.0
2015-03-13,373.0
2015-03-14,373.0
2015-03-15,374.0
2015-03-16,374.0
2015-03-17,374.0
2015-03-18,376.0
2015-03-19,376.0
2015-03-20,379.0
2015-03-21,381.0
2015-03-22,381.0
2015-03-23,381.0
2015-03-24,381.0
2015-03-25,381.0
2015-03-26,381.0
2015-03-27,382.0
2015-03-28,383.0
2015-03-29,384.0
2015-03-30,384.0
2015-03-31,385.0
2015-04-01,385.0
2015-04-02,386.0
2015-04-03,388.0
2015-04-04,388.0
2015-04-05,388.0
2015-04-06,389.0
2015-04-07,390.0
2015-04-08,392.0
2015-04-09,393.0
2015-04-10,393.0
2015-04-11,395.0
2015-04-12,396.0
2015-04-13,397.0
2015-04-14,397.0
2015-04-15,397.0
2015-04-16,397.0
2015-04-17,397.0
2015-04-18,398.0
2015-04-19,398.0
2015-04-20,399.0
2015-04-21,400.0
2015-04-22,400.0
2015-04-23,402.0
2015-04-24,404.0
2015-04-25,406.0
2015-04-26,407.0
2015-04-27,407.0
2015-04-28,408.0
2015-04-29,409.0
2015-04-30,410.0
2015-05-01,410.0
2015-05-02,411.0
2015-05-03,411.0
2015-05-04,412.0
2015-05-05,412.0
2015-05-06,412.0
2015-05-07,412.0
2015-05-08,414.0
2015-05-09,415.0
2015-05-10,415.0
2015-05-11,415.0
2015-05-12,415.0
2015-05-13,416.0
2015-05-14,416.0
2015-05-15,417.0
2015-05-16,417.0
2015-05-17,417.0
2015-05-18,418.0
2015-05-19,419.0
2015-05-20,419.0
2015-05-21,420.0
2015-05-22,422.0
2015-05-23,422.0
2015-05-24,425.0
2015-05-25,426.0
2015-05-26,426.0
2015-05-27,426.0
2015-05-28,428.0
2015-05-29,429.0
2015-05-30,431.0
2015-05-31,432.0
2015-06-01,432.0
2015-06-02,432.0
2015-06-03,434.0
2015-06-04,435.0
2015-06-05,437.0
2015-06-06,437.0
2015-06-07,438.0
2015-06-08,438.0
2015-06-09,438.0
2015-06-10,439.0
2015-06-11,440.0
2015-06-12,442.0
2015-06-13,446.0
2015-06-14,447.0
2015-06-15,447.0
2015-06-16,449.0
2015-06-17,451.0
2015-06-18,452.0
2015-06-19,452.0
2015-06-20,454.0
2015-06-21,455.0
2015-06-22,455.0
2015-06-23,456.0
2015-06-24,456.0
2015-06-25,458.0
2015-06-26,460.0
2015-06-27,460.0
2015-06-28,460.0
2015-06-29,460.0
2015-06-30,460.0
2015-07-01,460.0
2015-07-02,462.0
2015-07-03,463.0
2015-07-04,463.0
2015-07-05,466.0
2015-07-06,467.0
2015-07-07,467.0
2015-07-08,468.0
2015-07-09,468.0
2015-07-10,470.0
2015-07-11,470.0
2015-07-12,471.0
2015-07-13,472.0
2015-07-14,472.0
2015-07-15,473.0
2015-07-16,473.0
2015-07-17,476.0
2015-07-18,476.0
2015-07-19,477.0
2015-07-20,477.0
2015-07-21,478.0
2015-07-22,480.0
2015-07-23,483.0
2015-07-24,485.0
2015-07-25,486.0
2015-07-26,486.0
2015-07-27,486.0
2015-07-28,486.0
2015-07-29,488.0
2015-07-30,490.0
2015-07-31,491.0
2015-08-01,492.0
2015-08-02,492.0
2015-08-03,493.0
2015-08-04,493.0
2015-08-05,493.0
2015-08-06,496.0
2015-08-07,499.0
2015-08-08,499.0
2015-08-09,499.0
2015-08-10,499.0
2015-08-11,499.0
2015-08-12,501.0
2015-08-13,502.0
2015-08-14,502.0
2015-08-15,502.0
2015-08-16,502.0
2015-08-17,502.0
2015-08-18,503.0
2015-08-19,503.0
2015-08-20,504.0
2015-08-21,507.0
2015-08-22,509.0
2015-08-23,510.0
2015-08-24,511.0
2015-08-25,511.0
2015-08-26,511.0
2015-08-27,513.0
2015-08-28,513.0
2015-08-29,514.0
2015-08-30,515.0
2015-08-31,516.0
2015-09-01,516.0
2015-09-02,517.0
2015-09-03,519.0
2015-09-04,519.0
2015-09-05,519.0
2015-09-06,519.0
2015-09-07,520.0
2015-09-08,521.0
2015-09-09,524.0
2015-09-10,525.0
2015-09-11,527.0
2015-09-12,527.0
2015-09-13,528.0
2015-09-14,528.0
2015-09-15,530.0
2015-09-16,530.0
2015-09-17,531.0
2015-09-18,532.0
2015-09-19,533.0
2015-09-20,534.0
2015-09-21,536.0
2015-09-22,536.0
2015-09-23,536.0
2015-09-24,536.0
2015-09-25,536.0
2015-09-26,538.0
2015-09-27,540.0
2015-09-28,540.0
2015-09-29,543.0
2015-09-30,544.0
2015-10-01,544.0
2015-10-02,546.0
2015-10-03,546.0
2015-10-04,546.0
2015-10-05,546.0
2015-10-06,546.0
2015-10-07,547.0
2015-10-08,547.0
2015-10-09,548.0
2015-10-10,549.0
2015-10-11,551.0
2015-10-12,551.0
2015-10-13,551.0
2015-10-14,552.0
2015-10-15,555.0
2015-10-16,557.0
2015-10-17,558.0
2015-10-18,559.0
2015-10-19,561.0
2015-10-20,562.0
2015-10-21,564.0
2015-10-22,565.0
2015-10-23,565.0
2015-10-24,566.0
2015-10-25,566.0
2015-10-26,568.0
2015-10-27,568.0
2015-10-28,569.0
2015-10-29,569.0
2015-10-30,571.0
2015-10-31,572.0
2015-11-01,572.0
2015-11-02,572.0
2015-11-03,573.0
2015-11-04,573.0
2015-11-05,573.0
2015-11-06,575.0
2015-11-07,578.0
2015-11-08,579.0
2015-11-09,579.0
2015-11-10,580.0
2015-11-11,580.0
2015-11-12,580.0
2015-11-13,580.0
2015-11-14,581.0
2015-11-15,581.0
2015-11-16,581.0
2015-11-17,584.0
2015-11-18,585.0
2015-11-19,587.0
2015-11-20,587.0
2015-11-21,588.0
2015-11-22,589.0
2015-11-23,589.0
2015-11-24,591.0
2015-11-25,592.0
2015-11-26,595.0
2015-11-27,596.0
2015-11-28,597.0
2015-11-29,601.0
2015-11-30,601.0
2015-12-01,602.0
2015-12-02,604.0
2015-12-03,608.0
2015-12-04,609.0
2015-12-05,610.0
2015-12-06,611.0
2015-12-07,611.0
2015-12-08,612.0
2015-12-09,613.0
2015-12-10,613.0
2015-12-11,614.0
2015-12-12,616.0
2015-12-13,616.0
2015-12-14,619.0
2015-12-15,619.0
2015-12-16,623.0
2015-12-17,623.0
2015-12-18,626.0
2015-12-19,627.0
2015-12-20,628.0
2015-12-21,632.0
2015-12-22,636.0
2015-12-23,638.0
2015-12-24,639.0
2015-12-25,639.0
2015-12-26,641.0
2015-12-27,641.0
2015-12-28,642.0
2015-12-29,643.0
2015-12-30,645.0
2015-12-31,646.0
2016-01-01,646.0
2016-01-02,647.0
2016-01-03,649.0
2016-01-04,650.0
2016-01-05,650.0
2016-01-06,651.0
2016-01-07,652.0
2016-01-08,654.0
2016-01-09,654.0
2016-01-10,656.0
2016-01-11,657.0
2016-01-12,657.0
2016-01-13,657.0
2016-01-14,659.0
2016-01-15,660.0
2016-01-16,661.0
2016-01-17,661.0
2016-01-18,661.0
2016-01-19,663.0
2016-01-20,665.0
2016-01-21,665.0
2016-01-22,667.0
2016-01-23,668.0
2016-01-24,668.0
2016-01-25,668.0
2016-01-26,668.0
2016-01-27,669.0
2016-01-28,670.0
2016-01-29,671.0
2016-01-30,671.0
2016-01-31,674.0
2016-02-01,676.0
2016-02-02,676.0
2016-02-03,678.0
2016-02-04,679.0
2016-02-05,681.0
2016-02-06,681.0
2016-02-07,682.0
2016-02-08,684.0
2016-02-09,686.0
2016-02-10,688.0
2016-02-11,688.0
2016-02-12,691.0
2016-02-13,693.0
2016-02-14,694.0
2016-02-15,694.0
2016-02-16,700.0
2016-02-17,701.0
2016-02-18,702.0
2016-02-19,706.0
2016-02-20,708.0
2016-02-21,708.0
2016-02-22,708.0
2016-02-23,708.0
2016-02-24,708.0
2016-02-25,708.0
2016-02-26,708.0
2016-02-27,712.0
2016-02-28,714.0
2016-02-29,715.0
2016-03-01,716.0
2016-03-02,718.0
2016-03-03,719.0
2016-03-04,719.0
2016-03-05,721.0
2016-03-06,721.0
2016-03-07,723.0
2016-03-08,725.0
2016-03-09,726.0
2016-03-10,729.0
2016-03-11,732.0
2016-03-12,733.0
2016-03-13,734.0
2016-03-14,735.0
2016-03-15,735.0
2016-03-16,736.0
2016-03-17,737.0
2016-03-18,737.0
2016-03-19,738.0
2016-03-20,741.0
2016-03-21,742.0
2016-03-22,743.0
2016-03-23,746.0
2016-03-24,747.0
2016-03-25,749.0
2016-03-26,751.0
2016-03-27,752.0
2016-03-28,753.0
2016-03-29,756.0
2016-03-30,759.0
2016-03-31,762.0
2016-04-01,762.0
2016-04-02,763.0
2016-04-03,764.0
2016-04-04,768.0
2016-04-05,768.0
2016-04-06,769.0
2016-04-07,772.0
2016-04-08,772.0
2016-04-09,772.0
2016-04-10,772.0
2016-04-11,772.0
2016-04-12,775.0
2016-04-13,777.0
2016-04-14,777.0
2016-04-15,780.0
2016-04-16,780.0
2016-04-17,781.0
2016-04-18,782.0
2016-04-19,783.0
2016-04-20,786.0
2016-04-21,786.0
2016-04-22,788.0
2016-04-23,788.0
2016-04-24,790.0
2016-04-25,790.0
2016-04-26,791.0
2016-04-27,792.0
2016-04-28,792.0
2016-04-29,793.0
2016-04-30,795.0
2016-05-01,795.0
2016-05-02,797.0
2016-05-03,798.0
2016-05-04,799.0
2016-05-05,800.0
2016-05-06,802.0
2016-05-07,803.0
2016-05-08,803.0
2016-05-09,805.0
2016-05-10,807.0
2016-05-11,808.0
2016-05-12,808.0
2016-05-13,808.0
2016-05-14,809.0
2016-05-15,810.0
2016-05-16,810.0
2016-05-17,812.0
2016-05-18,812.0
2016-05-19,815.0
2016-05-20,817.0
2016-05-21,817.0
2016-05-22,818.0
2016-05-23,819.0
2016-05-24,821.0
2016-05-25,823.0
2016-05-26,824.0
2016-05-27,826.0
2016-05-28,826.0
2016-05-29,829.0
2016-05-30,830.0
2016-05-31,832.0
2016-06-01,832.0
2016-06-02,834.0
2016-06-03,834.0
2016-06-04,834.0
2016-06-05,834.0
2016-06-06,837.0
2016-06-07,840.0
2016-06-08,840.0
2016-06-09,840.0
2016-06-10,843.0
2016-06-11,844.0
2016-06-12,844.0
2016-06-13,845.0
2016-06-14,846.0
2016-06-15,847.0
2016-06-16,849.0
2016-06-17,854.0
2016-06-18,854.0
2016-06-19,855.0
2016-06-20,856.0
2016-06-21,857.0
2016-06-22,858.0
2016-06-23,860.0
2016-06-24,861.0
2016-06-25,862.0
2016-06-26,864.0
2016-06-27,870.0
2016-06-28,871.0
2016-06-29,871.0
2016-06-30,874.0
2016-07-01,877.0
2016-07-02,878.0
2016-07-03,879.0
2016-07-04,879.0
2016-07-05,880.0
2016-07-06,881.0
2016-07-07,883.0
2016-07-08,886.0
2016-07-09,886.0
2016-07-10,888.0
2016-07-11,890.0
2016-07-12,892.0
2016-07-13,894.0
2016-07-14,897.0
2016-07-15,898.0
2016-07-16,900.0
2016-07-17,900.0
2016-07-18,902.0
2016-07-19,903.0
2016-07-20,906.0
2016-07-21,906.0
2016-07-22,907.0
2016-07-23,908.0
2016-07-24,908.0
2016-07-25,910.0
2016-07-26,912.0
2016-07-27,914.0
2016-07-28,916.0
2016-07-29,917.0
2016-07-30,919.0
2016-07-31,921.0
2016-08-01,922.0
2016-08-02,925.0
2016-08-03,926.0
2016-08-04,927.0
2016-08-05,927.0
2016-08-06,929.0
2016-08-07,930.0
2016-08-08,930.0
2016-08-09,931.0
2016-08-10,933.0
2016-08-11,933.0
2016-08-12,934.0
2016-08-13,935.0
2016-08-14,935.0
2016-08-15,935.0
2016-08-16,936.0
2016-08-17,937.0
2016-08-18,937.0
2016-08-19,939.0
2016-08-20,939.0
2016-08-21,940.0
2016-08-22,941.0
2016-08-23,943.0
2016-08-24,945.0
2016-08-25,948.0
2016-08-26,950.0
2016-08-27,953.0
2016-08-28,956.0
2016-08-29,956.0
2016-08-30,958.0
2016-08-31,962.0
2016-09-01,962.0
2016-09-02,963.0
2016-09-03,964.0
2016-09-04,965.0
2016-09-05,965.0
2016-09-06,965.0
2016-09-07,965.0
2016-09-08,967.0
2016-09-09,968.0
2016-09-10,968.0
2016-09-11,969.0
2016-09-12,972.0
2016-09-13,973.0
2016-09-14,973.0
2016-09-15,974.0
2016-09-16,977.0
2016-09-17,978.0
2016-09-18,980.0
2016-09-19,981.0
2016-09-20,981.0
2016-09-21,982.0
2016-09-22,983.0
2016-09-23,983.0
2016-09-24,983.0
2016-09-25,987.0
2016-09-26,988.0
2016-09-27,989.0
2016-09-28,989.0
2016-09-29,989.0
2016-09-30,990.0
